{
  "controller/App-dbg.controller.js": 1608287104953,
  "manifest.json": 1608287610411,
  "model/models.js": 1608287104945,
  "controller/App.controller.js": 1608287104953,
  "Component.js": 1608287104945,
  "manifest-bundle.zip": 1608287610057,
  "Component-preload.js": 1608287610373,
  "i18n/i18n.properties": 1608287463246,
  "model/models-dbg.js": 1608287104945,
  "Component-dbg.js": 1608287104945,
  "resources.json": 1608287610415,
  "view/App.view.xml": 1608287429078,
  "css/style.css": 1608287104945,
  "index.html": 1608287104945
}